{"cameraMode":{"drawMode":0,"name":"Shaded","section":"Shading Mode"},"sceneLighting":false,"audioPlay":false,"sceneViewState":{"m_AlwaysRefresh":false,"showFog":true,"showSkybox":false,"showFlares":true,"showImageEffects":true,"showParticleSystems":true,"showVisualEffectGraphs":true,"m_FxEnabled":true},"in2DMode":false,"pivot":{"x":0.16632798314094544,"y":1.0452961921691895,"z":-0.25716954469680788},"rotation":{"x":0.0026435048785060646,"y":0.9811458587646484,"z":-0.19257283210754395,"w":0.013548105955123902},"size":0.7819022536277771,"orthographic":false}