{"cameraMode":{"drawMode":0,"name":"Shaded","section":"Shading Mode"},"sceneLighting":false,"audioPlay":false,"sceneViewState":{"m_AlwaysRefresh":false,"showFog":true,"showSkybox":false,"showFlares":true,"showImageEffects":true,"showParticleSystems":true,"showVisualEffectGraphs":true,"m_FxEnabled":true},"in2DMode":false,"pivot":{"x":-14.830602645874024,"y":14.236776351928711,"z":9.604772567749024},"rotation":{"x":0.030690466985106469,"y":0.9582855105400086,"z":-0.2608918845653534,"w":0.11261208355426789},"size":4.973543643951416,"orthographic":false}